{"cameraMode":{"drawMode":0,"name":"Shaded","section":"Shading Mode"},"sceneLighting":true,"audioPlay":false,"sceneViewState":{"showFog":true,"showMaterialUpdate":false,"showSkybox":true,"showFlares":true,"showImageEffects":true,"showParticleSystems":true},"in2DMode":false,"pivot":{"x":35.32920837402344,"y":1.126180648803711,"z":24.03812599182129},"rotation":{"x":-0.15261638164520265,"y":-0.6723920106887817,"z":0.14459210634231568,"w":-0.709711492061615},"size":72.17939758300781,"orthographic":false}